Camera,Image,Corner,xProjected,yProjected,xOriginal,yOriginal,deltaX,deltaY,RMS error
Camera L,3_L,0,1075.2272,351.3711,1075.2601,351.48,-0.032958984,-0.10891724,0.11379481104333417
Camera L,3_L,1,1119.122,374.85577,1119.1599,374.84183,-0.037963867,0.013946533,0.040444542279719366
Camera L,3_L,2,1164.6941,399.17252,1164.6794,399.19565,0.0146484375,-0.023132324,0.027380305786327042
Camera L,3_L,3,1212.0728,424.38986,1212.0841,424.42413,-0.011352539,-0.03427124,0.036102604481779876
Camera L,3_L,4,1261.3926,450.58307,1261.3158,450.62698,0.07678223,-0.043914795,0.08845348794098183
Camera L,3_L,5,1312.7897,477.83298,1312.7213,477.81592,0.068359375,0.017059326,0.07045583552715165
Camera L,3_L,6,1366.3953,506.22388,1366.3795,506.30203,0.01574707,-0.07815552,0.07972612590193646
Camera L,3_L,7,1422.3276,535.84033,1422.3818,535.78796,-0.05419922,0.052368164,0.0753656415111506
Camera L,3_L,8,1480.6808,566.7628,1480.6632,566.7088,0.017578125,0.054016113,0.05680432177685477
Camera L,3_L,9,1041.6968,378.03412,1041.7391,378.06186,-0.0423584,-0.027740479,0.05063366534693943
Camera L,3_L,10,1085.8303,402.4845,1085.7762,402.45886,0.05407715,0.025634766,0.059845460912086645
Camera L,3_L,11,1131.6722,427.8217,1131.6387,427.79276,0.033569336,0.028930664,0.04431572676129726
Camera L,3_L,12,1179.3604,454.12042,1179.3417,454.06354,0.018676758,0.056884766,0.05987234622593273
Camera L,3_L,13,1229.0405,481.46295,1228.9923,481.4693,0.048217773,-0.0063476562,0.048633799102458
Camera L,3_L,14,1280.8623,509.93784,1280.8483,509.8706,0.014038086,0.067230225,0.068680207904575
Camera L,3_L,15,1334.9727,539.6376,1335.0107,539.6331,-0.038085938,0.0044555664,0.038345673905336566
Camera L,3_L,16,1391.507,570.65497,1391.4634,570.6597,0.0435791,-0.004760742,0.04383837085442994
Camera L,3_L,17,1450.5779,603.078,1450.564,603.0986,0.013916016,-0.020568848,0.02483410930114598
Camera L,3_L,18,1006.85046,405.73218,1006.8571,405.76498,-0.006652832,-0.032806396,0.033474166521752835
Camera L,3_L,19,1051.2201,431.208,1051.2345,431.22012,-0.014404297,-0.0121154785,0.01882202401777518
Camera L,3_L,20,1097.3273,457.631,1097.361,457.56018,-0.033691406,0.0708313,0.07843585754475871
Camera L,3_L,21,1145.3182,485.08282,1145.3392,485.0615,-0.020996094,0.021331787,0.02993127284360768
Camera L,3_L,22,1195.3499,513.6537,1195.3464,513.59906,0.0034179688,0.054626465,0.05473329125588403
Camera L,3_L,23,1247.585,543.44086,1247.5837,543.4318,0.0012207031,0.009033203,0.009115309913376207
Camera L,3_L,24,1302.1868,574.54614,1302.2499,574.5189,-0.06311035,0.02722168,0.06873089785061152
Camera L,3_L,25,1359.3088,607.0716,1359.2869,607.0989,0.021972656,-0.027282715,0.03503061735005594
Camera L,3_L,26,1419.0831,641.1135,1419.1277,641.20404,-0.044555664,-0.09051514,0.10088705157384846
Camera L,3_L,27,970.58966,434.5408,970.54486,434.55386,0.044799805,-0.013061523,0.04666503931795739
Camera L,3_L,28,1015.194,461.10718,1015.2957,461.0827,-0.101745605,0.024475098,0.10464797483700057
Camera L,3_L,29,1061.5636,488.68723,1061.5591,488.6037,0.0045166016,0.08352661,0.08364863710565784
Camera L,3_L,30,1109.8527,517.3704,1109.8512,517.34534,0.0014648438,0.02508545,0.025128181981958007
Camera L,3_L,31,1160.2284,547.25586,1160.2662,547.2309,-0.037841797,0.024963379,0.045334003541996674
Camera L,3_L,32,1212.8674,578.4507,1212.8433,578.41113,0.024169922,0.03955078,0.046351369137588104
Camera L,3_L,33,1267.949,611.06714,1267.9154,611.0468,0.033569336,0.020324707,0.03924275769095327
Camera L,3_L,34,1325.6453,645.21765,1325.6063,645.1957,0.03894043,0.021972656,0.04471190766370627
Camera L,3_L,35,1386.1086,681.0079,1386.1495,680.99835,-0.040893555,0.009521484,0.041987396676656706
Camera L,3_L,36,932.80023,464.54764,932.73083,464.617,0.06939697,-0.069366455,0.0981205631045697
Camera L,3_L,37,977.6388,492.2761,977.64703,492.28577,-0.008239746,-0.009674072,0.012707520997031766
Camera L,3_L,38,1024.2694,521.0915,1024.344,521.07074,-0.07458496,0.020751953,0.07741808546167102
Camera L,3_L,39,1072.8535,551.09204,1072.8944,551.07855,-0.040893555,0.0134887695,0.0430607677410277
Camera L,3_L,40,1123.5685,582.38684,1123.5355,582.3794,0.032958984,0.007446289,0.03378967108205999
Camera L,3_L,41,1176.6039,615.0941,1176.5923,615.08276,0.01159668,0.011352539,0.016228466438331857
Camera L,3_L,42,1232.155,649.33765,1232.1549,649.3663,0.00012207031,-0.028625488,0.028625748557918534
Camera L,3_L,43,1290.4135,685.24133,1290.3965,685.27155,0.016967773,-0.030212402,0.03465104025576954
Camera L,3_L,44,1351.552,722.9212,1351.5746,722.97125,-0.022583008,-0.050048828,0.05490789960056046
Camera L,3_L,45,893.35077,495.85413,893.3935,495.85324,-0.04272461,0.00088500977,0.04273377456452437
Camera L,3_L,46,938.42316,524.8239,938.39355,524.8271,0.02960205,-0.0031738281,0.029771707969526114
Camera L,3_L,47,985.3141,554.96136,985.32587,554.98535,-0.011779785,-0.023986816,0.026723223975309417
Camera L,3_L,48,1034.1917,586.3745,1034.2136,586.37933,-0.021972656,-0.0048217773,0.022495491980247175
Camera L,3_L,49,1085.2423,619.18353,1085.2378,619.1848,0.0045166016,-0.0012817383,0.0046949486361406705
Camera L,3_L,50,1138.6686,653.51886,1138.5854,653.49506,0.08312988,0.023803711,0.08647077003714053
Camera L,3_L,51,1194.6814,689.51715,1194.674,689.51587,0.007446289,0.0012817383,0.007555797365197721
Camera L,3_L,52,1253.4912,727.315,1253.4962,727.35175,-0.005004883,-0.036743164,0.03708246158618181
Camera L,3_L,53,1315.2921,767.0393,1315.3312,767.07904,-0.0390625,-0.039733887,0.055719481871500366
Camera L,6_L,0,1163.1013,147.65651,1163.2039,147.6789,-0.10253906,-0.022384644,0.10495394992781033
Camera L,6_L,1,1220.7897,171.90967,1220.8223,171.8525,-0.032592773,0.057174683,0.06581210536614315
Camera L,6_L,2,1281.142,197.16351,1281.2604,197.20306,-0.1184082,-0.03955078,0.12483896372838334
Camera L,6_L,3,1344.3717,223.52095,1344.3917,223.51862,-0.020019531,0.0023345947,0.020155196947859874
Camera L,6_L,4,1410.6887,251.10115,1410.6812,251.151,0.0075683594,-0.049850464,0.050421709723123403
Camera L,6_L,5,1480.2823,280.03745,1480.3494,280.0444,-0.0670166,-0.006958008,0.06737684140493444
Camera L,6_L,6,1553.2988,310.47266,1553.3174,310.51685,-0.018554688,-0.044189453,0.04792686298631727
Camera L,6_L,7,1629.8127,342.551,1629.8181,342.5448,-0.0053710938,0.0061950684,0.008199238992041781
Camera L,6_L,8,1709.7966,376.406,1709.791,376.36057,0.0056152344,0.045440674,0.045786304666791205
Camera L,6_L,9,1131.8983,210.70691,1131.9199,210.69934,-0.021606445,0.0075683594,0.02289363541841277
Camera L,6_L,10,1188.2157,236.00339,1188.1848,236.02774,0.030883789,-0.024353027,0.039330374618892584
Camera L,6_L,11,1247.119,262.33853,1247.0825,262.3214,0.036499023,0.017120361,0.040314829577919986
Camera L,6_L,12,1308.8278,289.8178,1308.7927,289.83167,0.03503418,-0.0138549805,0.037674317912411916
Camera L,6_L,13,1373.5624,318.56183,1373.553,318.55905,0.009399414,0.0027770996,0.00980108498885269
Camera L,6_L,14,1441.5289,348.70377,1441.4779,348.68198,0.05102539,0.02178955,0.055483105642010616
Camera L,6_L,15,1512.8972,380.38425,1512.8206,380.37634,0.076660156,0.007904053,0.07706655309472582
Camera L,6_L,16,1587.7727,413.7427,1587.7466,413.70798,0.026123047,0.034729004,0.043457074111745896
Camera L,6_L,17,1666.1649,448.90497,1666.1617,448.89548,0.0031738281,0.009490967,0.010007578913324877
Camera L,6_L,18,1101.4521,272.23178,1101.4269,272.24973,0.025268555,-0.017944336,0.030991919079544464
Camera L,6_L,19,1156.4463,298.52573,1156.4745,298.51642,-0.028198242,0.009307861,0.029694732613184272
Camera L,6_L,20,1213.9447,325.90164,1213.8436,325.92725,0.10107422,-0.025604248,0.10426684618788828
Camera L,6_L,21,1274.1692,354.46838,1274.1672,354.45474,0.001953125,0.013641357,0.013780469134865081
Camera L,6_L,22,1337.3462,384.34885,1337.3,384.41086,0.046142578,-0.06201172,0.07729547708857763
Camera L,6_L,23,1403.6927,415.67682,1403.6744,415.62866,0.018310547,0.04815674,0.051520360720305344
Camera L,6_L,24,1473.396,448.59128,1473.4065,448.5834,-0.010498047,0.007873535,0.01312255859375
Camera L,6_L,25,1546.5864,483.227,1546.5668,483.2907,0.01965332,-0.0637207,0.06668268895335662
Camera L,6_L,26,1623.3049,519.7017,1623.3322,519.6363,-0.02722168,0.06542969,0.07086652137191797
Camera L,6_L,27,1071.7488,332.27222,1071.655,332.20248,0.09375,0.069732666,0.11684052040985911
Camera L,6_L,28,1125.4747,359.521,1125.4635,359.47498,0.011230469,0.046020508,0.04737098867096928
Camera L,6_L,29,1181.6224,387.89868,1181.5614,387.8123,0.061035156,0.08639526,0.10578011100105122
Camera L,6_L,30,1240.4126,417.51804,1240.3846,417.53354,0.027954102,-0.01550293,0.03196517828922801
Camera L,6_L,31,1302.0737,448.50452,1302.0393,448.47372,0.034423828,0.030792236,0.04618616417139057
Camera L,6_L,32,1366.8287,480.99283,1366.7971,481.07202,0.03161621,-0.079193115,0.08527094636844071
Camera L,6_L,33,1434.8762,515.1203,1434.8984,515.0596,-0.022216797,0.06072998,0.06466619357221953
Camera L,6_L,34,1506.3644,551.017,1506.4008,551.09375,-0.036376953,-0.07672119,0.08490832662026085
Camera L,6_L,35,1581.3604,588.7922,1581.3256,588.7291,0.03479004,0.06304932,0.07201085416286701
Camera L,6_L,36,1042.7559,390.90247,1042.7913,390.8851,-0.03540039,0.017364502,0.0394298565110586
Camera L,6_L,37,1095.2727,419.06848,1095.2881,419.03165,-0.015380859,0.036834717,0.039917003853239166
Camera L,6_L,38,1150.1294,448.41263,1150.1333,448.38937,-0.00390625,0.023254395,0.023580196226442432
Camera L,6_L,39,1207.5433,479.05136,1207.5007,479.101,0.04260254,-0.0496521,0.06542405773254312
Camera L,6_L,40,1267.7417,511.11267,1267.7102,511.1647,0.03149414,-0.05203247,0.060821533203125
Camera L,6_L,41,1330.9487,544.7319,1330.95,544.6807,-0.0012207031,0.05114746,0.05116202572682666
Camera L,6_L,42,1397.3689,580.0442,1397.3763,580.1137,-0.007446289,-0.06951904,0.06991669726247955
Camera L,6_L,43,1467.1625,617.1746,1467.1941,617.22046,-0.03161621,-0.045837402,0.05568350067719623
Camera L,6_L,44,1540.4152,656.2232,1540.3951,656.22516,0.020019531,-0.001953125,0.020114580003951152
Camera L,6_L,45,1014.429,448.21857,1014.48773,448.20108,-0.05871582,0.017486572,0.06126440862826241
Camera L,6_L,46,1065.7963,477.27014,1065.7998,477.23032,-0.003540039,0.03982544,0.03998246495901111
Camera L,6_L,47,1119.4236,507.5498,1119.429,507.57294,-0.0053710938,-0.023132324,0.023747696137365763
Camera L,6_L,48,1175.5233,539.1774,1175.5773,539.2324,-0.053955078,-0.054992676,0.07704118927597453
Camera L,6_L,49,1234.318,572.2829,1234.355,572.309,-0.036987305,-0.026123047,0.04528216300133427
Camera L,6_L,50,1296.0303,607.0013,1296.097,607.1124,-0.06677246,-0.11114502,0.12966023641136826
Camera L,6_L,51,1360.8655,643.4651,1360.8666,643.46857,-0.0010986328,-0.003479004,0.00364835061862267
Camera L,6_L,52,1428.99,681.79285,1429.0336,681.74493,-0.0435791,0.047912598,0.06476692911636604
Camera L,6_L,53,1500.5021,722.0746,1500.5161,722.0397,-0.014038086,0.03491211,0.03762875546441309
Camera L,7_L,0,611.22076,361.12943,611.27325,361.11932,-0.052490234,0.010101318,0.053453356651756476
Camera L,7_L,1,687.2829,338.56708,687.2717,338.5528,0.011169434,0.014282227,0.018131140129285076
Camera L,7_L,2,760.38666,316.75983,760.34546,316.7183,0.04119873,0.041534424,0.058501656001954574
Camera L,7_L,3,830.78876,295.62115,830.77496,295.58948,0.013793945,0.031677246,0.034550265518057025
Camera L,7_L,4,898.73883,275.08035,898.67194,275.04623,0.06689453,0.034118652,0.07509301398206696
Camera L,7_L,5,964.46387,255.08377,964.3976,255.15599,0.06628418,-0.07221985,0.09802703205438354
Camera L,7_L,6,1028.1589,235.59424,1028.102,235.57716,0.056884766,0.017074585,0.05939207027709553
Camera L,7_L,7,1089.9828,216.58966,1089.8977,216.54192,0.08508301,0.04774475,0.09756372002048662
Camera L,7_L,8,1150.0586,198.06065,1149.9387,198.07858,0.11987305,-0.017929077,0.12120643206732294
Camera L,7_L,9,637.8909,437.52847,637.87506,437.5542,0.01586914,-0.025726318,0.03022702566419562
Camera L,7_L,10,712.7164,413.74905,712.7504,413.7366,-0.034057617,0.012451172,0.03626228025857015
Camera L,7_L,11,784.64435,390.79663,784.6842,390.81567,-0.039855957,-0.019042969,0.044171619504952755
Camera L,7_L,12,853.9369,368.58182,853.9635,368.5698,-0.026611328,0.012023926,0.029201670770170402
Camera L,7_L,13,920.8458,347.0279,920.91785,347.0169,-0.072021484,0.010986328,0.0728546060125819
Camera L,7_L,14,985.598,326.07318,985.5491,326.0849,0.048950195,-0.01171875,0.050333395700016076
Camera L,7_L,15,1048.387,305.67148,1048.3906,305.6654,-0.0036621094,0.006072998,0.007091709973751779
Camera L,7_L,16,1109.3693,285.79117,1109.3737,285.75742,-0.0043945312,0.03375244,0.03403732077866244
Camera L,7_L,17,1168.6648,266.41373,1168.6885,266.41473,-0.02368164,-0.0010070801,0.023703044382007276
Camera L,7_L,18,663.8882,512.3884,663.83844,512.4055,0.049743652,-0.017089844,0.052597468645318654
Camera L,7_L,19,737.5359,487.41156,737.54156,487.4963,-0.0056762695,-0.084747314,0.08493719646190499
Camera L,7_L,20,808.3531,463.33823,808.4777,463.41498,-0.12463379,-0.07675171,0.14637078331449188
Camera L,7_L,21,876.6021,440.0762,876.6556,440.13052,-0.053466797,-0.05432129,0.07622008143189163
Camera L,7_L,22,942.53314,417.54285,942.5568,417.57526,-0.02368164,-0.032409668,0.04013983906963592
Camera L,7_L,23,1006.37006,395.6684,1006.4583,395.6704,-0.088256836,-0.0020141602,0.08827981610104213
Camera L,7_L,24,1068.303,374.39728,1068.3224,374.44476,-0.01940918,-0.04748535,0.05129887785474341
Camera L,7_L,25,1128.4851,353.68823,1128.5076,353.6264,-0.022460938,0.061828613,0.06578199703308854
Camera L,7_L,26,1187.0331,333.5131,1187.1377,333.54456,-0.10461426,-0.031463623,0.10924331793247613
Camera L,7_L,27,689.2487,585.87006,689.31915,585.8302,-0.07043457,0.039855957,0.08092914188339917
Camera L,7_L,28,761.7837,559.7172,761.80426,559.7051,-0.020568848,0.012145996,0.02388729191464389
Camera L,7_L,29,831.5587,534.5446,831.552,534.4652,0.006713867,0.07940674,0.07969006272477343
Camera L,7_L,30,898.8319,510.25806,898.80084,510.26163,0.031066895,-0.0035705566,0.03127140563741455
Camera L,7_L,31,963.8484,486.76974,963.81055,486.7767,0.037841797,-0.006958008,0.03847616747348377
Camera L,7_L,32,1026.8269,464.00244,1026.8375,464.05002,-0.010620117,-0.047576904,0.04874780724863669
Camera L,7_L,33,1087.9528,441.8917,1088.1002,441.7984,-0.14746094,0.09329224,0.17449403842963127
Camera L,7_L,34,1147.3748,420.3868,1147.419,420.39914,-0.044189453,-0.012329102,0.045877167663501334
Camera L,7_L,35,1205.2063,399.45,1205.1782,399.4373,0.028076172,0.01272583,0.030825609131562216
Camera L,7_L,36,714.0273,658.1424,713.978,658.14014,0.04925537,0.0022583008,0.049307114131752
Camera L,7_L,37,785.5152,630.8371,785.50824,630.8393,0.006958008,-0.0021972656,0.00729670123724534
Camera L,7_L,38,854.3153,604.5847,854.35675,604.6041,-0.04144287,-0.01940918,0.04576273397246762
Camera L,7_L,39,920.67786,579.2908,920.6668,579.2755,0.011047363,0.015258789,0.01883812302544445
Camera L,7_L,40,984.84015,554.86365,984.7934,554.8462,0.04675293,0.017456055,0.04990541332979129
Camera L,7_L,41,1047.0138,531.21985,1047.1149,531.1724,-0.10107422,0.047424316,0.11164704869598195
Camera L,7_L,42,1107.378,508.2871,1107.3606,508.28738,0.017456055,-0.0002746582,0.017458215326359525
Camera L,7_L,43,1166.0771,486.00595,1166.1013,486.0304,-0.024169922,-0.02444458,0.034376192614067505
Camera L,7_L,44,1223.2206,464.32962,1223.2285,464.36258,-0.00793457,-0.032958984,0.03390062030517289
Camera L,7_L,45,738.2881,729.36285,738.231,729.3663,0.05706787,-0.0034179688,0.0571701357489104
Camera L,7_L,46,808.7911,700.93164,808.7328,700.9078,0.058288574,0.023864746,0.06298479174033905
Camera L,7_L,47,876.6787,673.61835,876.64624,673.6146,0.032470703,0.0037231445,0.03268345707896369
Camera L,7_L,48,942.1904,647.3303,942.1639,647.3655,0.026550293,-0.03515625,0.044055419312372404
Camera L,7_L,49,1005.5532,621.97406,1005.5043,622.0009,0.048950195,-0.026855469,0.055833124781926036
Camera L,7_L,50,1066.9702,597.4617,1066.9183,597.472,0.051879883,-0.010314941,0.05289537084521767
Camera L,7_L,51,1126.6136,573.7144,1126.6028,573.6175,0.010864258,0.09692383,0.09753081849457129
Camera L,7_L,52,1184.6223,550.6653,1184.5786,550.69244,0.043701172,-0.027160645,0.0514537951428387
Camera L,7_L,53,1241.1024,528.25946,1241.0747,528.2891,0.027709961,-0.029663086,0.04059237123516297
Camera L,2_L,0,1466.0641,336.9864,1466.1311,337.11362,-0.0670166,-0.12722778,0.14379893498829627
Camera L,2_L,1,1481.8469,372.33267,1481.9429,372.40445,-0.095947266,-0.071777344,0.11982430828809308
Camera L,2_L,2,1498.5436,409.63278,1498.4832,409.5582,0.060424805,0.07458496,0.09598996520246751
Camera L,2_L,3,1516.2346,449.06268,1516.294,449.1972,-0.059326172,-0.13452148,0.14702253034074542
Camera L,2_L,4,1535.0067,490.8197,1534.8988,490.80032,0.107910156,0.019378662,0.10963637337603219
Camera L,2_L,5,1554.9526,535.1248,1554.9395,535.1872,0.013183594,-0.06237793,0.06375588801251013
Camera L,2_L,6,1576.1692,582.22437,1576.1807,582.2977,-0.011474609,-0.07336426,0.07425618482448318
Camera L,2_L,7,1598.7549,632.3906,1598.7986,632.4037,-0.043701172,-0.013061523,0.045611356236760305
Camera L,2_L,8,1622.8055,685.9217,1622.8363,685.8886,-0.030761719,0.033081055,0.04517343820976512
Camera L,2_L,9,1411.8706,337.84326,1411.8214,337.80197,0.049194336,0.041290283,0.06422593070813276
Camera L,2_L,10,1426.1703,373.1928,1426.241,373.1869,-0.07067871,0.00592041,0.0709262394054902
Camera L,2_L,11,1441.3063,410.49103,1441.3224,410.49576,-0.016113281,-0.0047302246,0.01679323844577747
Camera L,2_L,12,1457.3553,449.91507,1457.3138,449.80267,0.041503906,0.11239624,0.11981439418046617
Camera L,2_L,13,1474.4021,491.66473,1474.3856,491.59293,0.016479492,0.07180786,0.07367457235218337
Camera L,2_L,14,1492.5375,535.96515,1492.5667,535.93243,-0.029174805,0.032714844,0.04383412175623787
Camera L,2_L,15,1511.859,583.0693,1511.838,583.15247,0.020996094,-0.08319092,0.08579956168444033
Camera L,2_L,16,1532.468,633.2594,1532.4454,633.25446,0.022583008,0.0049438477,0.02311782583868225
Camera L,2_L,17,1554.4669,686.848,1554.4635,686.7916,0.0034179688,0.056396484,0.056499964249861215
Camera L,2_L,18,1357.6951,338.72253,1357.6477,338.7666,0.04736328,-0.044067383,0.06469323487591282
Camera L,2_L,19,1370.5059,374.07498,1370.5165,374.06882,-0.010620117,0.006164551,0.012279599969495868
Camera L,2_L,20,1384.0709,411.36957,1384.0607,411.31006,0.010253906,0.059509277,0.0603862292526959
Camera L,2_L,21,1398.4619,450.78403,1398.4579,450.71024,0.0040283203,0.073791504,0.07390137626111039
Camera L,2_L,22,1413.7589,492.51968,1413.6604,492.45285,0.09851074,0.066833496,0.11904235601854236
Camera L,2_L,23,1430.0491,536.8046,1430.0723,536.75494,-0.02319336,0.049682617,0.054829685113974264
Camera L,2_L,24,1447.4274,583.89703,1447.4575,583.89124,-0.030151367,0.00579834,0.030703838330395607
Camera L,2_L,25,1465.9944,634.08734,1465.9298,634.1608,0.064575195,-0.07348633,0.09782737996564504
Camera L,2_L,26,1485.855,687.7004,1485.8392,687.6749,0.01574707,0.02545166,0.029929203600097057
Camera L,2_L,27,1303.5842,339.6094,1303.5049,339.58948,0.0793457,0.019927979,0.08180993174498953
Camera L,2_L,28,1314.9089,374.96585,1314.9146,374.88754,-0.0056152344,0.078308105,0.07850917296208804
Camera L,2_L,29,1326.9026,412.25717,1326.8817,412.32425,0.020874023,-0.06707764,0.07025051033438759
Camera L,2_L,30,1339.631,451.66113,1339.6313,451.56613,-0.00036621094,0.09500122,0.0950019265359109
Camera L,2_L,31,1353.1677,493.37985,1353.2137,493.41464,-0.046020508,-0.03479004,0.05769084812420987
Camera L,2_L,32,1367.5942,537.64343,1367.5928,537.62775,0.0014648438,0.015686035,0.015754284056567758
Camera L,2_L,33,1383.0,584.71387,1383.0844,584.72046,-0.084350586,-0.006591797,0.08460776048354449
Camera L,2_L,34,1399.4819,634.88806,1399.5354,634.87665,-0.053466797,0.011413574,0.05467145548199192
Camera L,2_L,35,1417.1426,688.5011,1417.0929,688.439,0.049682617,0.062072754,0.07950716463379602
Camera L,2_L,36,1249.5679,340.48993,1249.5737,340.50867,-0.005859375,-0.018737793,0.01963255359677803
Camera L,2_L,37,1259.415,375.85275,1259.4734,375.82587,-0.05834961,0.026885986,0.06424588060764061
Camera L,2_L,38,1269.8445,413.14313,1269.8334,413.1475,0.011108398,-0.0043640137,0.011934870387841016
Camera L,2_L,39,1280.9149,452.53842,1280.8905,452.55304,0.024414062,-0.01461792,0.028455755667285594
Camera L,2_L,40,1292.692,494.24097,1292.7094,494.3404,-0.017333984,-0.09942627,0.10092596339502297
Camera L,2_L,41,1305.2499,538.4822,1305.2302,538.49255,0.01965332,-0.010375977,0.022224173526394057
Camera L,2_L,42,1318.67,585.5266,1318.6326,585.4761,0.037475586,0.05053711,0.06291596749108815
Camera L,2_L,43,1333.0426,635.6763,1333.0674,635.65216,-0.024780273,0.024108887,0.034573116296550244
Camera L,2_L,44,1348.4644,689.2742,1348.4702,689.29517,-0.005859375,-0.020996094,0.021798353794482143
Camera L,2_L,45,1195.6583,341.3512,1195.6063,341.35025,0.052001953,0.0009460449,0.05201055786865685
Camera L,2_L,46,1204.0405,376.72403,1204.1212,376.65967,-0.08068848,0.06436157,0.10321357582450276
Camera L,2_L,47,1212.918,414.01758,1212.8743,414.06375,0.043701172,-0.046173096,0.06357473704277691
Camera L,2_L,48,1222.3411,453.4086,1222.3976,453.4641,-0.056518555,-0.055511475,0.07922039407419793
Camera L,2_L,49,1232.3672,495.09933,1232.3789,495.11667,-0.01171875,-0.017333984,0.0209235779893221
Camera L,2_L,50,1243.061,539.3218,1243.0651,539.32355,-0.0040283203,-0.0017700195,0.0044000379181441795
Camera L,2_L,51,1254.495,586.34235,1254.5073,586.38855,-0.012329102,-0.046203613,0.04782029512227775
Camera L,2_L,52,1266.7493,636.46655,1266.6554,636.4415,0.09387207,0.025024414,0.09715033136292635
Camera L,2_L,53,1279.9117,690.04395,1279.9674,690.127,-0.055664062,-0.08306885,0.09999460637925016
Camera L,4_L,0,1189.4729,545.29156,1189.4408,545.46344,0.032104492,-0.171875,0.1748476881277452
Camera L,4_L,1,1155.9423,581.81177,1155.9305,581.8492,0.01171875,-0.03741455,0.03920685796802946
Camera L,4_L,2,1120.8328,620.1303,1120.8544,620.17365,-0.021606445,-0.04333496,0.04842269425069927
Camera L,4_L,3,1084.0028,660.41974,1084.084,660.4257,-0.08117676,-0.0059814453,0.08139682854371974
Camera L,4_L,4,1045.2859,702.87976,1045.3523,702.9138,-0.06640625,-0.034057617,0.07463049864199485
Camera L,4_L,5,1004.48676,747.73944,1004.53375,747.75244,-0.04699707,-0.013000488,0.04876204788059037
Camera L,4_L,6,961.3786,795.258,961.33887,795.3168,0.039733887,-0.058776855,0.07094716691012252
Camera L,4_L,7,915.70245,845.72266,915.6726,845.65924,0.029846191,0.06341553,0.0700879750723647
Camera L,4_L,8,867.1687,899.44214,867.1532,899.4229,0.01550293,0.019226074,0.02469782902929835
Camera L,4_L,9,1136.8411,517.2064,1136.8354,517.3075,0.0056152344,-0.10107422,0.10123007731405244
Camera L,4_L,10,1102.7803,552.3294,1102.7472,552.35815,0.033081055,-0.028747559,0.04382668484312332
Camera L,4_L,11,1067.1339,589.1426,1067.1343,589.158,-0.00036621094,-0.0154418945,0.015446236343038173
Camera L,4_L,12,1029.7584,627.8065,1029.7454,627.7425,0.013061523,0.06402588,0.06534459858493394
Camera L,4_L,13,990.48505,668.50665,990.45526,668.48016,0.029785156,0.026489258,0.03986020963685472
Camera L,4_L,14,949.118,711.45575,949.1342,711.4392,-0.016235352,0.016540527,0.02317705082980388
Camera L,4_L,15,905.43146,756.8944,905.4179,756.7968,0.013549805,0.097595215,0.09853133089260044
Camera L,4_L,16,859.17,805.0891,859.1461,805.09735,0.023864746,-0.008239746,0.025247168589935472
Camera L,4_L,17,810.0511,856.3269,810.0282,856.31464,0.022888184,0.012268066,0.025968719675204754
Camera L,4_L,18,1086.3174,490.2109,1086.3301,490.21777,-0.0126953125,-0.006866455,0.014433265909438683
Camera L,4_L,19,1051.7837,524.02594,1051.8403,523.9732,-0.056640625,0.052734375,0.0773891123287459
Camera L,4_L,20,1015.65704,559.43286,1015.6257,559.37994,0.03137207,0.05291748,0.06151801796915259
Camera L,4_L,21,977.7916,596.5811,977.83026,596.56415,-0.038635254,0.016967773,0.04219701624317455
Camera L,4_L,22,938.01794,635.6429,937.9751,635.57605,0.04284668,0.066833496,0.07938862739937327
Camera L,4_L,23,896.1402,676.81537,896.15955,676.7662,-0.019348145,0.049194336,0.05286240048591951
Camera L,4_L,24,851.9351,720.32117,851.8756,720.29205,0.059509277,0.02911377,0.06624926917554712
Camera L,4_L,25,805.1526,766.4065,805.1158,766.3835,0.0368042,0.023010254,0.043405309179448674
Camera L,4_L,26,755.5191,815.33636,755.48224,815.3029,0.036865234,0.033447266,0.049777154230761206
Camera L,4_L,27,1037.739,464.21674,1037.6777,464.28146,0.061279297,-0.06472778,0.08913382154875407
Camera L,4_L,28,1002.77783,496.80374,1002.85205,496.7507,-0.07421875,0.05303955,0.09122289624123593
Camera L,4_L,29,966.2156,530.8931,966.2641,530.78735,-0.04852295,0.105773926,0.11637267710275799
Camera L,4_L,30,927.9051,566.62396,927.9906,566.5941,-0.085510254,0.029846191,0.09056930310303737
Camera L,4_L,31,887.6767,604.1562,887.68274,604.1544,-0.0060424805,0.0017700195,0.006296390978666405
Camera L,4_L,32,845.3362,643.67224,845.33655,643.6517,-0.00036621094,0.020568848,0.020572107435962068
Camera L,4_L,33,800.6641,685.3776,800.65704,685.4038,0.007080078,-0.026184082,0.027124410741531928
Camera L,4_L,34,753.4176,729.4991,753.4423,729.5021,-0.024719238,-0.0029907227,0.02489950126431898
Camera L,4_L,35,703.3341,776.28,703.3444,776.32733,-0.010314941,-0.047302246,0.04841384617780391
Camera L,4_L,36,990.9526,439.14313,990.90356,439.18375,0.04901123,-0.040618896,0.06365528621936516
Camera L,4_L,37,955.6002,470.5737,955.6126,470.52585,-0.012390137,0.047851562,0.049429621904286535
Camera L,4_L,38,918.6384,503.4249,918.6244,503.414,0.014038086,0.010894775,0.01776974922729084
Camera L,4_L,39,879.91974,537.8261,879.9772,537.7906,-0.057434082,0.03552246,0.06753161489131271
Camera L,4_L,40,839.27515,573.92584,839.28235,573.8832,-0.0072021484,0.042663574,0.043267210532163654
Camera L,4_L,41,796.5135,611.89294,796.5481,611.86847,-0.034606934,0.024475098,0.04238714732138973
Camera L,4_L,42,751.42084,651.91675,751.42303,651.9153,-0.0021972656,0.0014648438,0.0026407846255839767
Camera L,4_L,43,703.763,694.2055,703.73553,694.2393,0.02746582,-0.033813477,0.043562856686416636
Camera L,4_L,44,653.2907,738.9821,653.33435,739.0589,-0.043640137,-0.07678223,0.08831744928793105
Camera L,4_L,45,945.81775,414.9178,945.759,414.82556,0.058776855,0.09222412,0.10936181806420828
Camera L,4_L,46,910.1038,445.2562,910.0634,445.24402,0.040405273,0.012176514,0.042200161217233544
Camera L,4_L,47,872.77264,476.94022,872.7762,476.9282,-0.003540039,0.012023926,0.012534219870300437
Camera L,4_L,48,833.6772,510.09042,833.6302,510.11795,0.04699707,-0.027526855,0.0544651483974433
Camera L,4_L,49,792.6507,544.84467,792.64844,544.8757,0.0022583008,-0.03100586,0.031087991861824555
Camera L,4_L,50,749.5059,581.3591,749.5342,581.4335,-0.028259277,-0.074401855,0.07958783106219032
Camera L,4_L,51,704.03613,619.808,703.9686,619.8597,0.06750488,-0.051696777,0.08502626647841607
Camera L,4_L,52,656.01776,660.3823,655.97534,660.4505,0.042419434,-0.06817627,0.08029577867865915
Camera L,4_L,53,605.21643,703.2855,605.31506,703.33057,-0.09863281,-0.045043945,0.10843149316953837
Camera L,11_L,0,1151.122,466.13525,1151.1368,466.16962,-0.014892578,-0.034362793,0.03745117386441182
Camera L,11_L,1,1202.1788,476.6343,1202.2006,476.556,-0.021728516,0.078308105,0.08126676918255545
Camera L,11_L,2,1254.7737,487.43088,1254.7675,487.47153,0.006225586,-0.040649414,0.04112338487879823
Camera L,11_L,3,1308.9838,498.5463,1308.9126,498.579,0.07116699,-0.032714844,0.0783262521674732
Camera L,11_L,4,1364.8738,510.00125,1364.8651,510.01535,0.008666992,-0.014099121,0.016549983963569638
Camera L,11_L,5,1422.4897,521.81464,1422.5088,521.7465,-0.019042969,0.068115234,0.0707270797698778
Camera L,11_L,6,1481.8512,534.00226,1481.791,533.94354,0.060180664,0.05871582,0.08407889082268669
Camera L,11_L,7,1542.945,546.5754,1542.9692,546.5342,-0.024291992,0.04119873,0.04782714999531407
Camera L,11_L,8,1605.7178,559.53906,1605.7256,559.58636,-0.0078125,-0.047302246,0.047943066670413224
Camera L,11_L,9,1137.7499,515.28564,1137.6879,515.28864,0.06201172,-0.0029907227,0.06208379566630659
Camera L,11_L,10,1188.8485,526.53625,1188.8961,526.55756,-0.047607422,-0.02130127,0.05215563920830794
Camera L,11_L,11,1241.4955,538.1176,1241.4994,538.15106,-0.00390625,-0.033447266,0.03367459527376397
Camera L,11_L,12,1295.7714,550.0506,1295.7356,550.12054,0.0357666,-0.06994629,0.07856037895113181
Camera L,11_L,13,1351.7444,562.35443,1351.7776,562.3035,-0.033203125,0.05090332,0.06077495807158241
Camera L,11_L,14,1409.4637,575.0453,1409.489,575.1137,-0.025268555,-0.06842041,0.07293731817077356
Camera L,11_L,15,1468.953,588.13513,1468.9158,588.1703,0.037231445,-0.03515625,0.05120685924873911
Camera L,11_L,16,1530.2017,601.6295,1530.3109,601.643,-0.10925293,-0.0134887695,0.11008246703616792
Camera L,11_L,17,1593.1588,615.5265,1593.2266,615.58203,-0.06774902,-0.055541992,0.08760618170478174
Camera L,11_L,18,1124.3125,564.88416,1124.2979,564.8616,0.0146484375,0.022583008,0.026917818690429623
Camera L,11_L,19,1175.4633,576.904,1175.447,576.8199,0.016235352,0.084106445,0.08565909632644116
Camera L,11_L,20,1228.1707,589.28937,1228.2288,589.3613,-0.05810547,-0.07196045,0.09249081981700413
Camera L,11_L,21,1282.5177,602.06055,1282.495,602.07556,0.022705078,-0.015014648,0.027220584864474803
Camera L,11_L,22,1338.5753,615.235,1338.5745,615.2975,0.0008544922,-0.0625,0.0625058409822514
Camera L,11_L,23,1396.3953,628.8262,1396.4369,628.83105,-0.041625977,-0.0048828125,0.04191138010960693
Camera L,11_L,24,1456.0035,642.8415,1455.9667,642.8169,0.036865234,0.024597168,0.044317786244425415
Camera L,11_L,25,1517.3917,657.2807,1517.4612,657.2914,-0.06945801,-0.010681152,0.07027447520025822
Camera L,11_L,26,1580.5105,672.1341,1580.4952,672.15045,0.015258789,-0.016357422,0.022369530483463396
Camera L,11_L,27,1110.7998,614.9805,1110.6873,615.0696,0.11254883,-0.08905029,0.1435172233222584
Camera L,11_L,28,1162.0143,627.7872,1162.0143,627.74634,0.0,0.04083252,0.04083251953125
Camera L,11_L,29,1214.7919,640.99493,1214.7784,641.02,0.013427734,-0.02508545,0.028453186340936257
Camera L,11_L,30,1269.2172,654.6232,1269.2666,654.5671,-0.049438477,0.056152344,0.07481476240314491
Camera L,11_L,31,1325.3625,668.68774,1325.4028,668.66565,-0.040283203,0.022094727,0.04594467755770686
Camera L,11_L,32,1383.2815,683.1985,1383.2483,683.2165,0.033203125,-0.018005371,0.03777090014798791
Camera L,11_L,33,1443.0012,698.15826,1443.1057,698.1515,-0.10449219,0.0067749023,0.10471158746911684
Camera L,11_L,34,1504.5148,713.5603,1504.5187,713.54645,-0.00390625,0.0138549805,0.014395112811365667
Camera L,11_L,35,1567.7732,729.38666,1567.7216,729.37085,0.051635742,0.015808105,0.05400135248088784
Camera L,11_L,36,1097.1989,665.6278,1097.3071,665.6385,-0.10827637,-0.010681152,0.10880192418662789
Camera L,11_L,37,1148.4895,679.2385,1148.4684,679.2929,0.021118164,-0.054382324,0.05833878676150121
Camera L,11_L,38,1201.3479,693.28595,1201.3102,693.2965,0.037719727,-0.010559082,0.03916978408534357
Camera L,11_L,39,1255.8591,707.7885,1255.9171,707.7219,-0.0579834,0.066589355,0.0882961876646179
Camera L,11_L,40,1312.0963,722.7595,1312.0245,722.6891,0.071777344,0.07043457,0.10056349124265809
Camera L,11_L,41,1370.1135,738.2054,1370.1814,738.1504,-0.067871094,0.054992676,0.08735376211934417
Camera L,11_L,42,1429.9382,754.1235,1429.9417,754.1399,-0.0034179688,-0.016418457,0.016770457407685072
Camera L,11_L,43,1491.5634,770.50006,1491.5856,770.5114,-0.022216797,-0.011352539,0.02494927266576319
Camera L,11_L,44,1554.9398,787.30835,1554.8723,787.25366,0.06750488,0.0546875,0.08687710780049804
Camera L,11_L,45,1083.4943,716.8791,1083.4723,716.89575,0.021972656,-0.016662598,0.02757607265973043
Camera L,11_L,46,1134.8735,731.3106,1134.7837,731.31165,0.08984375,-0.0010375977,0.08984974136278165
Camera L,11_L,47,1187.8232,746.21375,1187.8682,746.26575,-0.044921875,-0.052001953,0.06871810520037876
Camera L,11_L,48,1242.4285,761.6054,1242.4546,761.55133,-0.026123047,0.05407715,0.06005623665502906
Camera L,11_L,49,1298.7617,777.4961,1298.7585,777.503,0.0031738281,-0.0068969727,0.007592194464586718
Camera L,11_L,50,1356.8766,793.888,1356.775,793.8517,0.1015625,0.036315918,0.10786003571371085
Camera L,11_L,51,1416.7996,810.77264,1416.8019,810.789,-0.002319336,-0.016357422,0.01652103415612072
Camera L,11_L,52,1478.5226,828.12854,1478.4697,828.0926,0.052856445,0.035949707,0.06392327625134689
Camera L,11_L,53,1541.9951,845.9195,1541.9791,845.911,0.015991211,0.008483887,0.018102352363828362
Camera R,3_R,0,869.55817,327.20306,869.6067,327.3172,-0.04852295,-0.11413574,0.1240219506602636
Camera R,3_R,1,909.9734,351.97467,909.90326,351.96945,0.070129395,0.005218506,0.07032328761316588
Camera R,3_R,2,951.77386,377.5842,951.78925,377.56024,-0.015380859,0.023956299,0.02846884417492127
Camera R,3_R,3,995.0408,404.0778,995.0384,404.11777,0.002380371,-0.039978027,0.04004883065510881
Camera R,3_R,4,1039.8649,431.50778,1039.8428,431.53726,0.022094727,-0.02947998,0.036840822334870925
Camera R,3_R,5,1086.3466,459.93326,1086.3566,459.96756,-0.010009766,-0.034301758,0.035732422208616596
Camera R,3_R,6,1134.5958,489.41986,1134.6016,489.45767,-0.0057373047,-0.03781128,0.0382440780663294
Camera R,3_R,7,1184.7296,520.0394,1184.6959,520.0577,0.033691406,-0.018249512,0.038316517757689475
Camera R,3_R,8,1236.8701,551.869,1236.8197,551.8243,0.05041504,0.04473877,0.06740351372772568
Camera R,3_R,9,830.0724,353.97183,830.0537,353.98944,0.018676758,-0.017608643,0.025668766542842225
Camera R,3_R,10,870.6424,379.7178,870.6654,379.7061,-0.023010254,0.01171875,0.02582248799772387
Camera R,3_R,11,912.62695,406.35382,912.6045,406.34015,0.022460938,0.013671875,0.026294750034836445
Camera R,3_R,12,956.1091,433.92978,956.1674,433.92966,-0.05834961,0.00012207031,0.05834973706347169
Camera R,3_R,13,1001.18225,462.50262,1001.2163,462.48044,-0.034057617,0.02218628,0.04064667609447591
Camera R,3_R,14,1047.9514,492.13657,1047.9485,492.1964,0.0029296875,-0.05984497,0.059916638651592816
Camera R,3_R,15,1096.5319,522.9034,1096.535,522.87286,-0.0031738281,0.030517578,0.030682173319087413
Camera R,3_R,16,1147.0486,554.88184,1147.0801,554.85284,-0.03149414,0.0289917,0.042806535917985056
Camera R,3_R,17,1199.6333,588.15643,1199.6259,588.19336,0.007446289,-0.03692627,0.037669571304925
Camera R,3_R,18,788.94684,381.83264,788.97736,381.87003,-0.030517578,-0.037384033,0.048258558962611296
Camera R,3_R,19,829.6543,408.61206,829.616,408.56155,0.038269043,0.05050659,0.06336746377029931
Camera R,3_R,20,871.80743,436.33838,871.78357,436.34048,0.023864746,-0.002105713,0.023957465076608172
Camera R,3_R,21,915.49066,465.06583,915.4997,464.9701,-0.009033203,0.09573364,0.09615887416132583
Camera R,3_R,22,960.80005,494.85635,960.8234,494.7825,-0.023376465,0.07385254,0.07746390536610692
Camera R,3_R,23,1007.8441,525.78,1007.84015,525.72345,0.003967285,0.05657959,0.056718509663054265
Camera R,3_R,24,1056.7437,557.9154,1056.7589,557.88885,-0.015258789,0.026550293,0.03062268277568648
Camera R,3_R,25,1107.6309,591.3488,1107.6118,591.362,0.019042969,-0.013183594,0.02316121333131137
Camera R,3_R,26,1160.6469,626.1731,1160.6307,626.2337,0.016113281,-0.06060791,0.06271328891191781
Camera R,3_R,27,746.0683,410.86133,745.9869,410.80453,0.0814209,0.056793213,0.09927150514024427
Camera R,3_R,28,786.8911,438.73886,786.92737,438.70477,-0.036254883,0.034088135,0.04976361582067283
Camera R,3_R,29,829.1932,467.62555,829.19934,467.58435,-0.006164551,0.04119873,0.041657377240667946
Camera R,3_R,30,873.0601,497.58038,873.07416,497.54312,-0.014038086,0.037261963,0.03981861041336011
Camera R,3_R,31,918.58997,528.6709,918.5673,528.6089,0.022644043,0.06201172,0.06601670958401136
Camera R,3_R,32,965.89453,560.97363,965.88245,560.9311,0.012084961,0.042541504,0.04422471973304506
Camera R,3_R,33,1015.09937,594.57465,1015.117,594.55383,-0.01763916,0.020812988,0.027282236935656273
Camera R,3_R,34,1066.3435,629.5686,1066.4183,629.5611,-0.0748291,0.007507324,0.07520474956793866
Camera R,3_R,35,1119.7769,666.05743,1119.7515,666.0634,0.025390625,-0.0059814453,0.02608565747526892
Camera R,3_R,36,701.3149,441.14148,701.3769,441.2473,-0.06201172,-0.10583496,0.12266414398254794
Camera R,3_R,37,742.22473,470.18845,742.20483,470.20636,0.019897461,-0.017913818,0.02677337931550702
Camera R,3_R,38,784.65045,500.31284,784.6665,500.3216,-0.016052246,-0.008758545,0.018286243840734885
Camera R,3_R,39,828.67865,531.5789,828.6502,531.5617,0.028442383,0.017211914,0.033244836076414645
Camera R,3_R,40,874.4091,564.06036,874.42017,564.042,-0.011047363,0.018371582,0.021437333364923414
Camera R,3_R,41,921.95624,597.8409,921.94684,597.77844,0.009399414,0.062438965,0.06314248423587221
Camera R,3_R,42,971.44995,633.0147,971.5034,633.03845,-0.053466797,-0.023742676,0.05850139332807438
Camera R,3_R,43,1023.03534,669.68567,1023.04504,669.6523,-0.00970459,0.03338623,0.03476808089250694
Camera R,3_R,44,1076.871,707.96564,1076.8586,708.0108,0.012329102,-0.045166016,0.04681854026746438
Camera R,3_R,45,654.55774,472.76453,654.49243,472.7567,0.06530762,0.0078125,0.0657732469850702
Camera R,3_R,46,695.518,503.05988,695.5375,503.13156,-0.019470215,-0.07168579,0.07428285064264595
Camera R,3_R,47,738.03455,534.5076,738.04443,534.5001,-0.009887695,0.007507324,0.012414766833020457
Camera R,3_R,48,782.1947,567.178,782.2465,567.2226,-0.051818848,-0.0446167,0.06838013470005783
Camera R,3_R,49,828.09973,601.15125,828.0778,601.1671,0.021911621,-0.01586914,0.027054551615802013
Camera R,3_R,50,875.8663,636.5191,875.85516,636.51514,0.011108398,0.003967285,0.011795586774605748
Camera R,3_R,51,925.6281,673.3845,925.6312,673.4111,-0.003112793,-0.026550293,0.026732144261034412
Camera R,3_R,52,977.53577,711.8613,977.5165,711.84937,0.01928711,0.011962891,0.022695888177133007
Camera R,3_R,53,1031.7556,752.07184,1031.7247,752.14874,0.030883789,-0.0769043,0.08287387588797286
Camera R,6_R,0,901.88794,118.980515,901.9453,119.01366,-0.057373047,-0.03314209,0.06625756279046298
Camera R,6_R,1,954.0866,144.90541,954.2319,144.9039,-0.14526367,0.0015106201,0.14527152625255274
Camera R,6_R,2,1008.47705,171.90915,1008.4969,171.88275,-0.019836426,0.026397705,0.03302003363363984
Camera R,6_R,3,1065.2067,200.05122,1065.303,200.06006,-0.09631348,-0.008834839,0.0967178377827193
Camera R,6_R,4,1124.443,229.40265,1124.4568,229.41956,-0.013793945,-0.016906738,0.021819961654295474
Camera R,6_R,5,1186.3741,260.04822,1186.4476,260.11914,-0.07348633,-0.07092285,0.10212879757958367
Camera R,6_R,6,1251.2056,292.0879,1251.2034,292.056,0.0021972656,0.03189087,0.03196647479424772
Camera R,6_R,7,1319.154,325.63718,1319.2416,325.64258,-0.087524414,-0.0054016113,0.08769093717097609
Camera R,6_R,8,1390.4379,360.8254,1390.3794,360.8138,0.05847168,0.01159668,0.059610572092977564
Camera R,6_R,9,872.73834,182.94652,872.7792,182.92813,-0.04083252,0.01838684,0.044781364054943915
Camera R,6_R,10,923.7618,209.90385,923.7033,209.82721,0.05847168,0.0766449,0.0964021661181699
Camera R,6_R,11,976.8936,237.96143,976.8953,237.99426,-0.0017089844,-0.032836914,0.03288135570109609
Camera R,6_R,12,1032.2759,267.1819,1032.2395,267.18677,0.036376953,-0.0048828125,0.03670319572692007
Camera R,6_R,13,1090.0712,297.63983,1090.0568,297.72113,0.014404297,-0.08129883,0.08256502421099036
Camera R,6_R,14,1150.4634,329.42377,1150.3868,329.4153,0.076538086,0.008453369,0.07700349374413999
Camera R,6_R,15,1213.6554,362.63715,1213.6287,362.6565,0.026733398,-0.019348145,0.033000383161719
Camera R,6_R,16,1279.8636,397.39825,1279.7876,397.40234,0.076049805,-0.0040893555,0.07615967188188702
Camera R,6_R,17,1349.3086,433.8379,1349.3833,433.82324,-0.07470703,0.0146484375,0.076129608165154
Camera R,6_R,18,844.23486,245.52219,844.23157,245.49918,0.0032958984,0.023010254,0.023245101233171868
Camera R,6_R,19,894.1246,273.4453,894.11163,273.46646,0.012939453,-0.021148682,0.024793067222725413
Camera R,6_R,20,946.04407,302.49048,945.95514,302.49637,0.08892822,-0.0058898926,0.08912305885337098
Camera R,6_R,21,1000.1297,332.72415,1000.0498,332.7449,0.07989502,-0.020751953,0.08254609442245597
Camera R,6_R,22,1056.5385,364.22504,1056.4692,364.23837,0.06921387,-0.013336182,0.07048697150396399
Camera R,6_R,23,1115.449,397.08572,1115.4431,397.14517,0.005859375,-0.059448242,0.05973630198274982
Camera R,6_R,24,1177.0593,431.41345,1176.9717,431.38605,0.087646484,0.027404785,0.09183097774039728
Camera R,6_R,25,1241.5826,467.32916,1241.6117,467.37463,-0.029052734,-0.04547119,0.053960083604161796
Camera R,6_R,26,1309.2384,504.96478,1309.2147,504.92288,0.02368164,0.041900635,0.04812985867893186
Camera R,6_R,27,816.348,306.73267,816.3837,306.70325,-0.035705566,0.029418945,0.046264044523701066
Camera R,6_R,28,865.14465,335.56235,865.0951,335.51266,0.049560547,0.049682617,0.07017556738031223
Camera R,6_R,29,915.8978,365.5365,915.7962,365.54105,0.101623535,-0.004547119,0.10172521413166265
Camera R,6_R,30,968.7381,396.72565,968.6396,396.6881,0.09851074,0.03753662,0.10541994237082399
Camera R,6_R,31,1023.8164,429.2128,1023.7503,429.21027,0.066101074,0.002532959,0.06614958725562256
Camera R,6_R,32,1081.3049,463.09467,1081.231,463.06125,0.07397461,0.033416748,0.0811721743099947
Camera R,6_R,33,1141.3956,498.48187,1141.3842,498.5174,0.011474609,-0.03552246,0.0373297721847462
Camera R,6_R,34,1204.296,535.49756,1204.2955,535.46155,0.00048828125,0.036010742,0.0360140524167122
Camera R,6_R,35,1270.2212,574.2739,1270.2968,574.29803,-0.07556152,-0.024108887,0.07931445166559106
Camera R,6_R,36,789.04565,366.621,789.0632,366.60645,-0.01751709,0.014556885,0.02277611315992469
Camera R,6_R,37,836.788,396.30624,836.7685,396.34464,0.01953125,-0.038391113,0.04307374264602822
Camera R,6_R,38,886.4191,427.15897,886.39154,427.17294,0.02758789,-0.013977051,0.03092652029696526
Camera R,6_R,39,938.0638,459.2538,938.0869,459.29083,-0.023132324,-0.037017822,0.04365115793482196
Camera R,6_R,40,991.8666,492.67786,991.7845,492.61688,0.082092285,0.06097412,0.10225940898191399
Camera R,6_R,41,1047.9926,527.5315,1048.0205,527.565,-0.027954102,-0.0335083,0.04363757572795817
Camera R,6_R,42,1106.6266,563.928,1106.5752,563.84247,0.0513916,0.085510254,0.09976522557620013
Camera R,6_R,43,1167.9685,601.99176,1167.9977,601.99756,-0.029174805,-0.00579834,0.02974541937000369
Camera R,6_R,44,1232.2266,641.85394,1232.293,641.825,-0.06640625,0.028930664,0.07243461439228989
Camera R,6_R,45,762.29614,425.24133,762.3784,425.26212,-0.08227539,-0.02078247,0.08485959575099676
Camera R,6_R,46,809.02045,455.73904,809.06537,455.65924,-0.044921875,0.07980347,0.09157820792260327
Camera R,6_R,47,857.57086,487.42776,857.60315,487.44147,-0.032287598,-0.013702393,0.03507484176410402
Camera R,6_R,48,908.0667,520.3859,908.11176,520.3776,-0.045043945,0.008300781,0.045802401450970254
Camera R,6_R,49,960.64606,554.70404,960.65594,554.7458,-0.009887695,-0.041748047,0.0429029828388427
Camera R,6_R,50,1015.4668,590.4854,1015.4686,590.50366,-0.0018310547,-0.018249512,0.01834114061996716
Camera R,6_R,51,1072.7052,627.845,1072.7511,627.8686,-0.045898438,-0.023620605,0.05161975946913884
Camera R,6_R,52,1132.5525,666.9068,1132.5852,666.88983,-0.032714844,0.016967773,0.03685330835913168
Camera R,6_R,53,1195.208,707.79956,1195.2948,707.8026,-0.08679199,-0.0030517578,0.08684562817794121
Camera R,7_R,0,276.78055,330.006,276.76306,329.99728,0.017486572,0.008728027,0.019543762967099584
Camera R,7_R,1,360.42944,307.3721,360.44766,307.4214,-0.018218994,-0.04928589,0.05254550951006741
Camera R,7_R,2,441.5171,285.59998,441.4675,285.5691,0.049591064,0.030883789,0.058421589335202036
Camera R,7_R,3,520.0271,264.6447,520.0761,264.62564,-0.04901123,0.019073486,0.05259181108090973
Camera R,7_R,4,595.9761,244.45082,595.9253,244.4199,0.05078125,0.030914307,0.05945106985272083
Camera R,7_R,5,669.41907,224.95967,669.4149,225.02551,0.0041503906,-0.065841675,0.06597235696430974
Camera R,7_R,6,740.44324,206.11511,740.4109,206.0657,0.032348633,0.04940796,0.05905574024461664
Camera R,7_R,7,809.1562,187.8674,809.18146,187.83876,-0.025268555,0.028640747,0.0381941389317889
Camera R,7_R,8,875.6749,170.1752,875.59015,170.10966,0.08477783,0.0655365,0.10715555752348015
Camera R,7_R,9,306.1632,408.6684,306.23422,408.66525,-0.071014404,0.0031433105,0.0710839364331641
Camera R,7_R,10,388.71,384.95465,388.64062,384.9037,0.069366455,0.050964355,0.08607595842307329
Camera R,7_R,11,468.70416,362.11032,468.73752,362.21732,-0.033355713,-0.10699463,0.11207343216493351
Camera R,7_R,12,546.12555,340.09433,546.0901,340.02478,0.035461426,0.06954956,0.07806826558021213
Camera R,7_R,13,620.9965,318.85556,621.0085,318.8705,-0.011962891,-0.014953613,0.019149968727673924
Camera R,7_R,14,693.38153,298.339,693.3802,298.34296,0.0013427734,-0.003967285,0.004188363882885196
Camera R,7_R,15,763.3769,278.4907,763.408,278.5235,-0.03112793,-0.032806396,0.045223972148849954
Camera R,7_R,16,831.0982,259.26166,831.13715,259.25034,-0.03894043,0.0113220215,0.040552992919632706
Camera R,7_R,17,896.66864,240.61002,896.62555,240.63179,0.04309082,-0.021774292,0.04827979481071976
Camera R,7_R,18,335.17276,485.91574,335.1131,485.81833,0.059661865,0.09741211,0.1142307192314383
Camera R,7_R,19,416.59497,461.13116,416.60037,461.22018,-0.0054016113,-0.089019775,0.08918350640974738
Camera R,7_R,20,495.47565,437.2225,495.46414,437.22946,0.011505127,-0.006958008,0.013445512966277426
Camera R,7_R,21,571.7968,414.15594,571.81647,414.2507,-0.01965332,-0.09475708,0.09677374243170468
Camera R,7_R,22,645.58795,391.88672,645.60034,391.84775,-0.012390137,0.038970947,0.040893156135097246
Camera R,7_R,23,716.9218,370.36438,716.98804,370.42688,-0.066223145,-0.0625,0.09105907352706169
Camera R,7_R,24,785.90204,349.5375,785.85834,349.5204,0.043701172,0.017120361,0.04693505294823741
Camera R,7_R,25,852.64984,329.3577,852.6731,329.41312,-0.023254395,-0.055419922,0.06010103664368971
Camera R,7_R,26,917.29224,309.78204,917.315,309.73547,-0.022766113,0.046569824,0.051836709402700146
Camera R,7_R,27,363.757,561.734,363.75305,561.7398,0.0039367676,-0.00579834,0.007008486563288465
Camera R,7_R,28,444.03326,535.8938,444.0119,535.79926,0.021362305,0.09454346,0.09692684524413966
Camera R,7_R,29,521.78735,510.9358,521.76434,511.01096,0.023010254,-0.075164795,0.0786080032851466
Camera R,7_R,30,597.00586,486.8353,596.9559,486.73398,0.049987793,0.10131836,0.11297871212015237
Camera R,7_R,31,669.72516,463.5551,669.75714,463.61243,-0.031982422,-0.05731201,0.06563186723109907
Camera R,7_R,32,740.024,441.04993,740.0704,441.07523,-0.04638672,-0.025299072,0.052837209747420594
Camera R,7_R,33,808.01086,419.2711,808.1015,419.33456,-0.09063721,-0.06347656,0.11065431435439868
Camera R,7_R,34,873.8101,398.17075,873.7939,398.15707,0.016235352,0.013671875,0.02122514561489735
Camera R,7_R,35,937.55054,377.7049,937.5299,377.67233,0.020629883,0.032562256,0.038547277095910215
Camera R,7_R,36,391.87766,636.1314,391.816,636.00946,0.061645508,0.12194824,0.13664385242696486
Camera R,7_R,37,470.9923,609.2603,471.03943,609.3182,-0.04711914,-0.057861328,0.07462001544912358
Camera R,7_R,38,547.61475,583.27686,547.6184,583.2461,-0.0036621094,0.030761719,0.030978934544760646
Camera R,7_R,39,621.7368,558.1664,621.75415,558.23944,-0.017333984,-0.07305908,0.0750872591160555
Camera R,7_R,40,693.3999,533.89996,693.3905,533.83405,0.009399414,0.06591797,0.0665847399097143
Camera R,7_R,41,762.68665,510.43774,762.7076,510.4451,-0.020935059,-0.0073547363,0.022189385407892382
Camera R,7_R,42,829.7076,487.73428,829.6763,487.6971,0.031311035,0.03717041,0.04860062050776488
Camera R,7_R,43,894.5878,465.74258,894.574,465.77383,0.0138549805,-0.03125,0.03418366545280719
Camera R,7_R,44,957.45575,444.41757,957.4226,444.37958,0.03314209,0.037994385,0.050417966965453434
Camera R,7_R,45,419.51428,709.132,419.52264,709.13007,-0.008361816,0.001953125,0.0085868894762572
Camera R,7_R,46,497.45886,681.2657,497.50873,681.1964,-0.049865723,0.0692749,0.08535574023325053
Camera R,7_R,47,572.9521,654.29,573.03265,654.3638,-0.080566406,-0.073791504,0.10925260575741957
Camera R,7_R,48,645.9905,628.2009,645.9878,628.1667,0.0026855469,0.034240723,0.03434587675456916
Camera R,7_R,49,716.6185,602.9778,716.6317,603.0403,-0.013183594,-0.0625,0.06387532500242202
Camera R,7_R,50,784.92017,578.5871,784.8831,578.57214,0.03704834,0.014953613,0.03995234705675212
Camera R,7_R,51,851.0056,554.98694,850.9958,555.07007,0.00982666,-0.08312988,0.08370866541909752
Camera R,7_R,52,914.99835,532.1316,915.0041,532.1053,-0.0057373047,0.026306152,0.02692453000907895
Camera R,7_R,53,977.0245,509.97546,977.0174,510.01706,0.007080078,-0.04159546,0.04219371652719071
Camera R,2_R,0,1267.421,319.2309,1267.4165,319.3002,0.0045166016,-0.06930542,0.06945243638794686
Camera R,2_R,1,1276.31,355.32407,1276.3116,355.35855,-0.0015869141,-0.034484863,0.03452135703833592
Camera R,2_R,2,1285.6868,393.3536,1285.695,393.32278,-0.008178711,0.030822754,0.03188939433360928
Camera R,2_R,3,1295.5948,433.4823,1295.599,433.53714,-0.0041503906,-0.054840088,0.054996917933567535
Camera R,2_R,4,1306.0829,475.8932,1306.0952,475.90384,-0.012329102,-0.010650635,0.016292414377531032
Camera R,2_R,5,1317.2051,520.7925,1317.1282,520.79663,0.0769043,-0.0041503906,0.07701621011305491
Camera R,2_R,6,1329.0208,568.41266,1329.0724,568.44684,-0.051635742,-0.034179688,0.06192334704173882
Camera R,2_R,7,1341.5952,619.0157,1341.5598,619.0339,0.03540039,-0.018188477,0.03979960220991159
Camera R,2_R,8,1354.9987,672.89606,1355.0234,672.90466,-0.024780273,-0.008605957,0.026232126258864136
Camera R,2_R,9,1212.9482,319.20966,1212.9413,319.2677,0.006958008,-0.058044434,0.05845998754650966
Camera R,2_R,10,1220.4084,355.33658,1220.4326,355.3309,-0.024169922,0.0056762695,0.024827508115697006
Camera R,2_R,11,1228.2787,393.40002,1228.2755,393.37155,0.0031738281,0.0284729,0.028649245044529432
Camera R,2_R,12,1236.5963,433.56305,1236.5685,433.5379,0.027832031,0.025146484,0.037509567311861856
Camera R,2_R,13,1245.403,476.00912,1245.3774,475.96063,0.025512695,0.04849243,0.05479428390379008
Camera R,2_R,14,1254.7452,520.94556,1254.7018,520.9093,0.04345703,0.036254883,0.0565944351753031
Camera R,2_R,15,1264.6747,568.6069,1264.6451,568.58386,0.029541016,0.023010254,0.03744520515348511
Camera R,2_R,16,1275.2484,619.258,1275.2887,619.3024,-0.040283203,-0.044433594,0.05997566762904811
Camera R,2_R,17,1286.5284,673.19836,1286.5183,673.2587,0.010131836,-0.06036377,0.06120815935384989
Camera R,2_R,18,1158.3999,319.1846,1158.3999,319.22092,0.0,-0.036315918,0.03631591796875
Camera R,2_R,19,1164.4314,355.34564,1164.4303,355.31583,0.0010986328,0.029815674,0.029835907894378542
Camera R,2_R,20,1170.7947,393.44376,1170.7516,393.39514,0.04309082,0.048614502,0.06496297865211044
Camera R,2_R,21,1177.5204,433.64203,1177.5103,433.54742,0.010131836,0.09460449,0.09514548881328617
Camera R,2_R,22,1184.6426,476.12436,1184.6116,476.14694,0.03100586,-0.022583008,0.0383582527944341
Camera R,2_R,23,1192.1998,521.0989,1192.215,521.01117,-0.015136719,0.08770752,0.08900409674189835
Camera R,2_R,24,1200.2349,568.8015,1200.2896,568.7249,-0.0546875,0.07659912,0.09411773482497852
Camera R,2_R,25,1208.7952,619.4998,1208.7686,619.51843,0.026611328,-0.018615723,0.0324762669435826
Camera R,2_R,26,1217.9331,673.49695,1217.9031,673.52313,0.030029297,-0.026184082,0.03984174723360051
Camera R,2_R,27,1103.7771,319.1489,1103.7576,319.15985,0.01953125,-0.010955811,0.022394184765280416
Camera R,2_R,28,1108.38,355.34476,1108.4097,355.32626,-0.029663086,0.018493652,0.03495588425926313
Camera R,2_R,29,1113.2366,393.47888,1113.2742,393.45493,-0.037597656,0.023956299,0.04458125176613581
Camera R,2_R,30,1118.3699,433.71445,1118.3883,433.6139,-0.018432617,0.10055542,0.1022308850203574
Camera R,2_R,31,1123.8064,476.23566,1123.7709,476.2175,0.03552246,0.018157959,0.039894319213823644
Camera R,2_R,32,1129.5758,521.2512,1129.5825,521.26697,-0.006713867,-0.01574707,0.017118593284443907
Camera R,2_R,33,1135.7112,568.9983,1135.676,568.9163,0.03515625,0.081970215,0.08919124416439672
Camera R,2_R,34,1142.2498,619.7464,1142.3047,619.7118,-0.05493164,0.034606934,0.06492399398155024
Camera R,2_R,35,1149.2327,673.80176,1149.2777,673.82874,-0.045043945,-0.026977539,0.0525047104856717
Camera R,2_R,36,1049.0734,319.0971,1049.0781,319.1116,-0.004760742,-0.01449585,0.015257598830532267
Camera R,2_R,37,1052.2474,355.3288,1052.3049,355.32037,-0.057495117,0.008422852,0.05810880250743657
Camera R,2_R,38,1055.5966,393.50082,1055.5656,393.48715,0.03100586,0.013671875,0.033886331781382006
Camera R,2_R,39,1059.1366,433.77646,1059.1564,433.74167,-0.01977539,0.03479004,0.0400176572570361
Camera R,2_R,40,1062.8859,476.34033,1062.8303,476.36676,0.055541992,-0.026428223,0.06150905501570185
Camera R,2_R,41,1066.8647,521.4017,1066.7999,521.4486,0.064819336,-0.046936035,0.08002835564702811
Camera R,2_R,42,1071.0966,569.19867,1071.2021,569.2168,-0.10559082,-0.018127441,0.10713554716434545
Camera R,2_R,43,1075.6069,620.0023,1075.581,619.9822,0.025878906,0.020141602,0.03279332099984372
Camera R,2_R,44,1080.425,674.12134,1080.48,674.1622,-0.05493164,-0.04083252,0.06844545122229864
Camera R,2_R,45,994.2772,319.02545,994.37006,319.07953,-0.09283447,-0.05407715,0.10743638720887555
Camera R,2_R,46,996.02014,355.29416,996.1066,355.35324,-0.08648682,-0.05908203,0.10474089854834343
Camera R,2_R,47,997.85925,393.50623,997.7512,393.50793,0.10803223,-0.0017089844,0.10804574310746964
Camera R,2_R,48,999.80334,433.82535,999.7978,433.79453,0.005554199,0.030822754,0.03131918401438347
Camera R,2_R,49,1001.8621,476.43652,1001.8555,476.46854,0.006591797,-0.03201294,0.03268455412684571
Camera R,2_R,50,1004.04675,521.5497,1003.9868,521.5511,0.059936523,-0.0014038086,0.05995296089720568
Camera R,2_R,51,1006.36975,569.40375,1006.40234,569.41,-0.032592773,-0.006225586,0.03318202526388953
Camera R,2_R,52,1008.8455,620.271,1008.83435,620.31616,0.011169434,-0.045166016,0.046526607594396294
Camera R,2_R,53,1011.49,674.46185,1011.4722,674.47375,0.01776123,-0.0119018555,0.021380258917119494
Camera R,4_R,0,947.6193,527.2462,947.6504,527.36017,-0.031066895,-0.11395264,0.11811162242121316
Camera R,4_R,1,906.41046,564.04565,906.4697,564.2009,-0.059265137,-0.15527344,0.16619926842004612
Camera R,4_R,2,863.14435,602.68115,863.18713,602.7384,-0.042785645,-0.057250977,0.07147227221317654
Camera R,4_R,3,817.6481,643.30786,817.6157,643.3796,0.032348633,-0.07171631,0.07867441110775429
Camera R,4_R,4,769.73456,686.09436,769.75415,686.1744,-0.019592285,-0.08001709,0.08238077630555914
Camera R,4_R,5,719.2061,731.21954,719.2309,731.27716,-0.024780273,-0.057617188,0.06272003066841904
Camera R,4_R,6,665.86084,778.8675,665.88794,778.87836,-0.02709961,-0.010864258,0.0291962484934975
Camera R,4_R,7,609.5016,829.2196,609.4754,829.11633,0.026184082,0.103271484,0.10653922111990072
Camera R,4_R,8,549.9465,882.44525,549.9187,882.33484,0.027770996,0.1104126,0.11385152588015683
Camera R,4_R,9,899.6413,497.98233,899.64246,498.02722,-0.001159668,-0.044891357,0.04490633363988065
Camera R,4_R,10,858.04126,533.41254,858.0642,533.43585,-0.022949219,-0.02331543,0.03271507149232763
Camera R,4_R,11,814.3956,570.576,814.4094,570.57263,-0.013793945,0.0033569336,0.014196546426405544
Camera R,4_R,12,768.53784,609.6159,768.55133,609.6099,-0.0134887695,0.0059814453,0.014755493603861802
Camera R,4_R,13,720.2896,650.6872,720.28876,650.66174,0.0008544922,0.02545166,0.025466000110102534
Camera R,4_R,14,669.4649,693.954,669.4425,694.0157,0.022399902,-0.061706543,0.06564642465636439
Camera R,4_R,15,615.8766,739.5846,615.89185,739.56354,-0.015258789,0.021057129,0.02600448656344322
Camera R,4_R,16,559.34485,787.74493,559.3375,787.6555,0.0073242188,0.089416504,0.08971597043511413
Camera R,4_R,17,499.70605,838.5908,499.64844,838.5005,0.057617188,0.09033203,0.10714297067545371
Camera R,4_R,18,853.33673,469.73706,853.3227,469.69446,0.014038086,0.04260254,0.04485581558015051
Camera R,4_R,19,811.39166,503.87314,811.4062,503.77484,-0.014526367,0.09829712,0.09936467669656206
Camera R,4_R,20,767.41644,539.64734,767.37384,539.5858,0.04260254,0.061523438,0.07483388067171343
Camera R,4_R,21,721.25183,577.1917,721.30756,577.2172,-0.055725098,-0.025512695,0.06128771598703168
Camera R,4_R,22,672.72925,616.6486,672.6642,616.62976,0.06506348,0.018859863,0.06774179231011258
Camera R,4_R,23,621.67554,658.16815,621.6785,658.16675,-0.0029907227,0.0014038086,0.0033038009283995013
Camera R,4_R,24,567.91864,701.90424,567.96405,701.866,-0.045410156,0.038208008,0.05934588571796258
Camera R,4_R,25,511.2959,748.00824,511.3341,748.0065,-0.038208008,0.0017700195,0.03824898469425127
Camera R,4_R,26,451.6614,796.6231,451.66193,796.5331,-0.0005187988,0.090026855,0.09002835030042074
Camera R,4_R,27,808.60803,442.45108,808.6203,442.4107,-0.012268066,0.040374756,0.04219746869247367
Camera R,4_R,28,766.36176,475.36234,766.37103,475.35004,-0.009277344,0.012298584,0.015405332683080536
Camera R,4_R,29,722.1049,509.82364,722.1272,509.73206,-0.022277832,0.09158325,0.09425387969904561
Camera R,4_R,30,675.68634,545.9567,675.67,545.9221,0.016357422,0.034606934,0.03827799763779384
Camera R,4_R,31,626.9482,583.8923,626.9201,583.8516,0.028076172,0.040649414,0.04940289759497021
Camera R,4_R,32,575.7304,623.76776,575.72845,623.7598,0.001953125,0.00793457,0.00817141990780252
Camera R,4_R,33,521.87646,665.7234,521.8365,665.71246,0.039978027,0.010925293,0.04144399470068783
Camera R,4_R,34,465.2402,709.8975,465.29843,709.87933,-0.05822754,0.018188477,0.06100218836189055
Camera R,4_R,35,405.69168,756.4212,405.67715,756.46716,0.014526367,-0.045959473,0.04820050280346325
Camera R,4_R,36,765.37,416.07263,765.38916,416.02457,-0.019165039,0.048065186,0.05174515227461093
Camera R,4_R,37,722.86505,447.8234,722.897,447.76608,-0.031921387,0.05731201,0.06560214643819307
Camera R,4_R,38,678.3733,481.04254,678.35095,481.03064,0.022338867,0.0119018555,0.025311640618888742
Camera R,4_R,39,631.75256,515.8424,631.7556,515.8131,-0.0030517578,0.029296875,0.029455391875033335
Camera R,4_R,40,582.8562,552.3431,582.8321,552.4029,0.024108887,-0.059814453,0.06449036533824523
Camera R,4_R,41,531.53754,590.6702,531.5237,590.68164,0.0138549805,-0.011413574,0.0179507704635862
Camera R,4_R,42,477.6549,630.9519,477.64557,630.9713,0.009338379,-0.01940918,0.02153883879735297
Camera R,4_R,43,421.0779,673.3142,421.0535,673.4096,0.024414062,-0.09539795,0.09847240812987722
Camera R,4_R,44,361.69012,717.87775,361.73245,717.9319,-0.04232788,-0.054138184,0.06872112063169536
Camera R,4_R,45,723.5489,390.55682,723.5326,390.49802,0.016296387,0.058807373,0.06102359662262928
Camera R,4_R,46,680.8269,421.2071,680.7638,421.2049,0.06311035,0.0021972656,0.06314859025005351
Camera R,4_R,47,636.14636,453.25012,636.1646,453.30292,-0.018249512,-0.05279541,0.05586054073797943
Camera R,4_R,48,589.3744,486.78958,589.32574,486.77917,0.04864502,0.010406494,0.04974568368707537
Camera R,4_R,49,540.3758,521.93585,540.3231,521.9306,0.05267334,0.0052490234,0.052934232565917165
Camera R,4_R,50,489.017,558.80396,489.04544,558.816,-0.028442383,-0.012023926,0.03087950665483184
Camera R,4_R,51,435.1707,597.51074,435.1723,597.58093,-0.0016174316,-0.07019043,0.07020906283969311
Camera R,4_R,52,378.72018,638.1716,378.6811,638.30383,0.039093018,-0.13226318,0.1379195916384529
Camera R,4_R,53,319.55994,680.89746,319.59573,680.9403,-0.03579712,-0.04284668,0.055832532622220585
Camera R,11_R,0,955.7129,445.95996,955.67584,445.97147,0.03704834,-0.011505127,0.038793651947006964
Camera R,11_R,1,1004.4554,457.35812,1004.4848,457.41806,-0.029418945,-0.059936523,0.06676721639452893
Camera R,11_R,2,1054.4398,469.0366,1054.4606,468.98447,-0.020751953,0.052124023,0.05610309597353114
Camera R,11_R,3,1105.73,481.0099,1105.7166,481.0388,0.013427734,-0.028900146,0.03186726403794165
Camera R,11_R,4,1158.3916,493.29398,1158.4128,493.29752,-0.021240234,-0.003540039,0.021533216965167037
Camera R,11_R,5,1212.4906,505.9056,1212.4951,505.9279,-0.0045166016,-0.022277832,0.02273106881972262
Camera R,11_R,6,1268.0897,518.8619,1268.0842,518.8541,0.005493164,0.007751465,0.009500529387430666
Camera R,11_R,7,1325.2445,532.1795,1325.2831,532.1864,-0.03857422,-0.0068969727,0.03918594880813672
Camera R,11_R,8,1384.0001,545.87366,1383.9354,545.8856,0.064697266,-0.011962891,0.06579397336730408
Camera R,11_R,9,940.46497,496.11206,940.50635,496.10974,-0.041381836,0.002319336,0.041446781114450194
Camera R,11_R,10,989.22064,508.1859,989.2475,508.2016,-0.026855469,-0.015686035,0.031100930865575995
Camera R,11_R,11,1039.2218,520.5635,1039.2462,520.5991,-0.024414062,-0.03564453,0.04320392407856181
Camera R,11_R,12,1090.5332,533.2605,1090.4713,533.284,0.06188965,-0.023498535,0.06620052672152135
Camera R,11_R,13,1143.2222,546.2939,1143.2484,546.3484,-0.026245117,-0.054504395,0.060494092268615476
Camera R,11_R,14,1197.3561,559.68085,1197.3748,559.6709,-0.018676758,0.0099487305,0.02116125044336025
Camera R,11_R,15,1252.9995,573.4383,1252.9813,573.45325,0.018188477,-0.014953613,0.023546363409872623
Camera R,11_R,16,1310.2106,587.582,1310.192,587.5789,0.018554688,0.0030517578,0.018803979737513306
Camera R,11_R,17,1369.0365,602.1256,1369.0692,602.11224,-0.032714844,0.013366699,0.035340198776909075
Camera R,11_R,18,925.0884,546.68176,925.1554,546.61316,-0.0670166,0.068603516,0.0959044693489125
Camera R,11_R,19,973.8615,559.443,973.849,559.4411,0.012512207,0.0018920898,0.012654458849341754
Camera R,11_R,20,1023.8839,572.5322,1023.8083,572.5006,0.07562256,0.03161621,0.0819655791311795
Camera R,11_R,21,1075.221,585.96655,1075.2439,585.9133,-0.022949219,0.053222656,0.057959621975484064
Camera R,11_R,22,1127.9408,599.7636,1127.8704,599.66675,0.07043457,0.09686279,0.11976405703220575
Camera R,11_R,23,1182.1119,613.9411,1182.1677,613.9875,-0.055786133,-0.04638672,0.07255219011556778
Camera R,11_R,24,1237.8004,628.5156,1237.7495,628.47723,0.05090332,0.038391113,0.06375755326085487
Camera R,11_R,25,1295.0656,643.502,1295.095,643.4966,-0.029418945,0.005432129,0.029916255911360008
Camera R,11_R,26,1353.9564,658.91205,1353.8872,658.8783,0.06921387,0.03375244,0.07700510834958438
Camera R,11_R,27,909.5762,597.69165,909.60645,597.6103,-0.030273438,0.08135986,0.08680960990126668
Camera R,11_R,28,958.37103,611.153,958.362,611.1832,0.009033203,-0.030212402,0.031533918470087734
Camera R,11_R,29,1008.4194,624.9672,1008.4239,624.957,-0.0045166016,0.010253906,0.0112045652775182
Camera R,11_R,30,1059.7867,639.1526,1059.6934,639.1409,0.09338379,0.011657715,0.09410863071497579
Camera R,11_R,31,1112.5416,653.72754,1112.5497,653.68567,-0.008056641,0.041870117,0.04263820084683902
Camera R,11_R,32,1166.753,668.71,1166.6871,668.6611,0.06591797,0.048950195,0.08210542141209601
Camera R,11_R,33,1222.4878,684.11615,1222.5165,684.164,-0.028686523,-0.047851562,0.055791474802353476
Camera R,11_R,34,1279.8058,699.9596,1279.7665,699.9429,0.03930664,0.016723633,0.042716412439134294
Camera R,11_R,35,1338.757,716.2499,1338.7296,716.26,0.02734375,-0.010131836,0.02916050005618759
Camera R,11_R,36,893.9217,649.1646,893.8495,649.1183,0.07220459,0.046325684,0.08578794644314784
Camera R,11_R,37,942.7421,663.33984,942.71924,663.32806,0.022888184,0.011779785,0.025741644985288227
Camera R,11_R,38,992.8208,677.893,992.761,677.8309,0.059814453,0.06213379,0.08624602336285463
Camera R,11_R,39,1044.223,692.8434,1044.2812,692.84644,-0.05822754,-0.0030517578,0.05830745690750985
Camera R,11_R,40,1097.0171,708.21,1096.9705,708.2316,0.04663086,-0.021606445,0.05139334125247237
Camera R,11_R,41,1151.272,724.01086,1151.3367,724.0412,-0.064697266,-0.030334473,0.07145569543909419
Camera R,11_R,42,1207.0542,740.2614,1207.0532,740.2884,0.0009765625,-0.026977539,0.02699520861532875
Camera R,11_R,43,1264.4241,756.9737,1264.4631,756.89777,-0.0390625,0.075927734,0.08538676568163568
Camera R,11_R,44,1323.4315,774.155,1323.4551,774.1886,-0.02355957,-0.033569336,0.041011628455772886
Camera R,11_R,45,878.11926,701.1215,878.19977,701.1741,-0.08050537,-0.05255127,0.0961392256276723
Camera R,11_R,46,926.9683,716.0253,926.9171,715.99054,0.051208496,0.03479004,0.06190845572418912
Camera R,11_R,47,977.08093,731.3318,977.1621,731.4168,-0.08117676,-0.08502197,0.11755169859814618
Camera R,11_R,48,1028.5219,747.06104,1028.494,747.1199,0.027832031,-0.05883789,0.06508854996618406
Camera R,11_R,49,1081.3585,763.23254,1081.4191,763.2986,-0.060546875,-0.06604004,0.08959470314500825
Camera R,11_R,50,1135.6594,779.86383,1135.6954,779.8468,-0.036010742,0.017028809,0.039834079316800663
Camera R,11_R,51,1191.4904,796.9695,1191.5194,796.9647,-0.029052734,0.004760742,0.02944021129068453
Camera R,11_R,52,1248.9108,814.55975,1248.8865,814.6154,0.024291992,-0.055664062,0.060733752876316376
Camera R,11_R,53,1307.9701,832.63904,1308.0065,832.6554,-0.036376953,-0.016357422,0.039885435550526156
